Donkey Kong Land III 3 Nintendo Game Boy Pal Loose;13,90 EUR;Env√≠o no especificado;Vendidos  2 dic 2021Art√≠culo vendido;desde Francia;
Donkey Kong Nintendo Game boy  PAL Eur Cartucho Envio Combinado ;12,90 EUR;+¬†19,80 EUR de env√≠o;Vendidos  2 dic 2021Art√≠culo vendido;desde Espa√±a;
Donkey Kong Country * Original * | GBA Gameboy Advance (solo carro);17,63 EUR;+¬†15,27 EUR de env√≠o;Vendidos  2 dic 2021Art√≠culo vendido;desde Reino Unido;
Donkey Kong Land 2 pal OVP cib Nintendo GameBoy;59,90 EUR;Env√≠o no especificado;Vendidos  1 dic 2021Art√≠culo vendido;desde Alemania;
Mario vs. Donkey Kong Nintendo Game Boy Advance Muy bien probado;13,99 EUR;+¬†9,99 EUR de env√≠o;Vendidos  1 dic 2021Art√≠culo vendido;desde Alemania;
Gb juego: - Donkey Kong para Nintendo Gameboy top-con P funda!!!;16,99 EUR;Env√≠o no especificado;Vendidos  1 dic 2021Art√≠culo vendido;desde Alemania;
Gb-Donkey Kong Land 3 para Nintendo GameBoy;12,95 EUR;+¬†9,95 EUR de env√≠o;Vendidos  1 dic 2021Art√≠culo vendido;desde Alemania;
Gb-Donkey Kong Land para Nintendo GameBoy;14,95 EUR;+¬†9,95 EUR de env√≠o;Vendidos  1 dic 2021Art√≠culo vendido;desde Alemania;
GB-Donkey Kong Land 2 para Nintendo GameBoy;14,95 EUR;+¬†6,50 EUR de env√≠o;Vendidos  1 dic 2021Art√≠culo vendido;desde Alemania;
Game Boy Advance GBA Nintendo Donkey Kong Country 3;15,00 EUR;Env√≠o no especificado;Vendidos  1 dic 2021Art√≠culo vendido;desde Luxemburgo;
Nintendo Gameboy Advance/SP juego Mario vs. Donkey Kong m√≥dulo GBA SP DS Lite;16,99 EUR;+¬†4,99 EUR de env√≠o;Vendidos  1 dic 2021Art√≠culo vendido;desde Alemania;
Donkey Kong Land III 3 Nintendo Gameboy Color Advance Juego, Genuine!;9,39 EUR;+ 32,01 EUR de env√≠o estimado;Vendidos  30 nov 2021Art√≠culo vendido;desde Reino Unido;
Nintendo Gameboy Color Juego Donkey Kong Country USA;22,28 EUR;+ 17,38 EUR de env√≠o estimado;Vendidos  30 nov 2021Art√≠culo vendido;desde Reino Unido;
Donkey Kong Land - USA - Nintendo Gameboy;10,00 EUR;+¬†25,00 EUR de env√≠o;Vendidos  30 nov 2021Art√≠culo vendido;desde Pa√≠ses Bajos;
Nintendo Gameboy Donkey Kong Land 2 cartucho de juego solamente;19,98 EUR;+ 17,33 EUR de env√≠o estimado;Vendidos  29 nov 2021Art√≠culo vendido;desde Reino Unido;
Donkey Kong Land Nintendo Gameboy solo carro PAL;7,63 EUR;+ 17,06 EUR de env√≠o estimado;Vendidos  29 nov 2021Art√≠culo vendido;desde Reino Unido;
Donkey Kong Land III (3) NINTENDO 1997 GAME BOY Juego Y Estuche Excelente gastos de env√≠o gratis;13,52 EUR;+ 17,19 EUR de env√≠o estimado;Vendidos  29 nov 2021Art√≠culo vendido;desde Reino Unido;
Gameboy juegos mario Tetris Zelda Pokemon rojo amarillo azul Donkey Kong solo m√≥dulo;5,95 EUR a 32,95 EUR;Env√≠o no especificado;Vendidos  29 nov 2021Art√≠culo vendido;desde Alemania;
Nintendo Game Boy Donkey Kong Land EUR Bon √©tat;12,90 EUR;+¬†11,98 EUR de env√≠o;Vendidos  29 nov 2021Art√≠culo vendido;desde Francia;
Donkey Kong Land 2 - Nintendo Game Boy - EUR;11,90 EUR;+¬†14,90 EUR de env√≠o;Vendidos  29 nov 2021Art√≠culo vendido;desde Francia;
Donkey Kong Land 3 Nintendo Game Boy Cartucho y Manual 1997;15,27 EUR;+ 17,23 EUR de env√≠o estimado;Vendidos  29 nov 2021Art√≠culo vendido;desde Reino Unido;
Donkey Kong Land Para Nintendo Game Boy (DMG-YT-EUR) - Cartucho √∫nicamente;17,64 EUR;+¬†3,53 EUR de env√≠o;Vendidos  29 nov 2021Art√≠culo vendido;desde Reino Unido;
Donkey Kong Country | GBC Game Boy Colour/Color (solo carro);15,27 EUR;+¬†15,27 EUR de env√≠o;Vendidos  29 nov 2021Art√≠culo vendido;desde Reino Unido;
Nuevo üéó Sellado * Donkey Kong Land 3 * * Nintendo GameBoy Vga 90 oro calificado de archivo;450,63 EUR;+¬†17,67 EUR de env√≠o;Vendidos  29 nov 2021Art√≠culo vendido;desde Austria;
S√∫per Donkey Kong GB Nintendo Gameboy dmg Japon√©s Original-ytj üá¨ üáß vendedor;6,46 EUR;+¬†7,06 EUR de env√≠o;Vendidos  28 nov 2021Art√≠culo vendido;desde Reino Unido;
Original Donkey Kong Land 3 Dixie Double Trouble Game Boy Color gbc country;9,90 EUR;Env√≠o no especificado;Vendidos  28 nov 2021Art√≠culo vendido;desde Espa√±a;
Donkey Kong Country 2 Gameboy Advance Juego (GBA);4,70 EUR;+¬†4,12 EUR de env√≠o;Vendidos  28 nov 2021Art√≠culo vendido;desde Reino Unido;
Mario vs Donkey Kong Gameboy Advance Juego (GBA);9,61 EUR;+¬†4,12 EUR de env√≠o;Vendidos  28 nov 2021Art√≠culo vendido;desde Reino Unido;
Donkey Kong Country Gameboy Advance Juego (GBA);4,94 EUR;+¬†4,12 EUR de env√≠o;Vendidos  28 nov 2021Art√≠culo vendido;desde Reino Unido;
Donkey Kong Land III (3) - Nintendo Game Boy (Gameboy) Juego-Colecci√≥n;8,50 EUR;Env√≠o no especificado;Vendidos  28 nov 2021Art√≠culo vendido;desde Alemania;
Donkey Kong Land 2 - Nintendo Game Boy (Gameboy) Juego - Colecci√≥n;13,50 EUR;Env√≠o no especificado;Vendidos  28 nov 2021Art√≠culo vendido;desde Alemania;
Donkey Kong Land-Nintendo Game Boy (Gameboy) Juego Colecci√≥n;5,50 EUR;Env√≠o no especificado;Vendidos  28 nov 2021Art√≠culo vendido;desde Alemania;
Nintendo Gameboy Donkey Kong;8,24 EUR;+ 33,78 EUR de env√≠o estimado;Vendidos  28 nov 2021Art√≠culo vendido;desde Reino Unido;
S√∫per Donkey Kong GB de v√≠deo juego para Nintendo Game Boy NTSC-J Japon√©s Probado;5,87 EUR;+ 17,03 EUR de env√≠o estimado;Vendidos  28 nov 2021Art√≠culo vendido;desde Reino Unido;
Super Nintendo SNES colecci√≥n Mario Donkey Kong Yoshi soccer y muchos m√°s;6,29 EUR a 22,49 EUR;+¬†10,00 EUR de env√≠o;Vendidos  28 nov 2021Art√≠culo vendido;desde Alemania;
Donkey Kong-Nintendo Gameboy;18,77 EUR;+¬†13,52 EUR de env√≠o;Vendidos  27 nov 2021Art√≠culo vendido;desde Reino Unido;
Donkey Kong Country 3 Gameboy Advance Juego (GBA);4,70 EUR;+¬†4,12 EUR de env√≠o;Vendidos  27 nov 2021Art√≠culo vendido;desde Reino Unido;
Donkey Kong Country Gameboy Advance Juego (GBA);4,70 EUR;+¬†4,12 EUR de env√≠o;Vendidos  27 nov 2021Art√≠culo vendido;desde Reino Unido;
Mario vs Donkey Kong Gameboy Advance Juego (GBA);5,88 EUR;+¬†4,12 EUR de env√≠o;Vendidos  27 nov 2021Art√≠culo vendido;desde Reino Unido;
Donkey Kong Country 2 Gameboy Advance Juego (GBA);4,70 EUR;+¬†4,12 EUR de env√≠o;Vendidos  27 nov 2021Art√≠culo vendido;desde Reino Unido;
Donkey Kong Country Nintendo Game Boy Advance GBA solo carro PAL Gameboy;17,58 EUR;+ 17,28 EUR de env√≠o estimado;Vendidos  27 nov 2021Art√≠culo vendido;desde Reino Unido;
